id,event_id,start_ts,end_ts,capacity,meet_url,address_line
e1e93419-8189-4f4f-8382-9a321a0492dc,a637fd08-c3f9-47fb-a7a8-387a6bb19f93,2025-09-17T00:59:31.130244+00:00,2025-09-17T01:59:31.130244+00:00,100,,667 Smith Trace
5dcb569b-8bc7-4502-a195-ea4588554c09,0151cecc-c147-48e3-acf4-f24a0878f78f,2025-10-08T00:59:31.130784+00:00,2025-10-08T01:59:31.130784+00:00,10,https://obrien-mccormick.org/,5782 Heather Isle
edfc7aea-d0e4-4105-8562-91a7a55938ef,0151cecc-c147-48e3-acf4-f24a0878f78f,2025-10-15T00:59:31.130784+00:00,2025-10-15T02:29:31.130784+00:00,50,,770 Grant Coves Apt. 179
15aa2d5f-3855-4158-af11-e03144abd590,5710b734-1392-42a8-a081-902e6133c2dc,2025-09-19T16:59:31.131162+00:00,2025-09-19T18:59:31.131162+00:00,50,https://www.simmons-bray.com/,363 Gonzales Field
5876d2ee-4d92-4d10-99da-5fdc53115e1f,5710b734-1392-42a8-a081-902e6133c2dc,2025-09-26T16:59:31.131162+00:00,2025-09-26T18:59:31.131162+00:00,100,https://jordan-perez.org/,311 Hannah Club Suite 146
693da867-611a-4f7a-b143-d91c559cdae1,aa45a65a-9584-4347-9d95-5f840164a91b,2025-09-30T20:59:31.131595+00:00,2025-09-30T22:29:31.131595+00:00,20,,64155 Carol Tunnel Suite 414
98f3dcd1-09ff-4306-9c86-2a3b563ba0a5,dd595b8a-2315-48e3-8354-123822b5b72f,2025-10-07T16:59:31.131797+00:00,2025-10-07T17:59:31.131797+00:00,50,,083 Lopez Forest
17548239-8de9-4a51-bc99-a7619a1ea1e8,9f0d3b8b-43e9-4130-aeab-594626d9591d,2025-09-27T00:59:31.132080+00:00,2025-09-27T02:29:31.132080+00:00,10,http://quinn.org/,0686 Warren Run Apt. 731
d96508ea-686a-4db7-8167-0f9cc8bbbdfe,afcad70d-a19a-42b0-ba7b-59ea0e6a6a1f,2025-10-12T00:59:31.132382+00:00,2025-10-12T01:59:31.132382+00:00,100,,6042 Ryan Walk
c26114eb-a93c-45c7-aeef-15fe057d35ba,afcad70d-a19a-42b0-ba7b-59ea0e6a6a1f,2025-10-18T16:59:31.132382+00:00,2025-10-18T18:59:31.132382+00:00,50,,98468 Paul Ways
251307ee-d56c-4964-b815-8ca1cb58d77e,afcad70d-a19a-42b0-ba7b-59ea0e6a6a1f,2025-10-25T20:59:31.132382+00:00,2025-10-25T21:59:31.132382+00:00,20,http://singh-lopez.net/,1747 Christine Route
8a9939a0-84c5-48d0-a1c0-686f5c249a51,5ba614e3-8528-4a35-b3da-522397cf1f3b,2025-09-29T00:59:31.132819+00:00,2025-09-29T02:59:31.132819+00:00,10,,91809 Irwin Ford Apt. 327
849d38f8-cc80-4186-8916-bbf118f78dae,03a0c1c8-44e7-422e-8089-ccade9b01ed1,2025-09-17T00:59:31.133064+00:00,2025-09-17T02:59:31.133064+00:00,10,https://morrow-diaz.org/,03351 Spencer Isle
52ed4209-5abf-4d5d-809a-730fa51862dc,03a0c1c8-44e7-422e-8089-ccade9b01ed1,2025-09-23T16:59:31.133064+00:00,2025-09-23T18:29:31.133064+00:00,20,http://www.orozco.com/,24395 Oneill Prairie
4330bcb5-f594-45ee-b0e1-8dbab709413a,03a0c1c8-44e7-422e-8089-ccade9b01ed1,2025-10-01T00:59:31.133064+00:00,2025-10-01T02:59:31.133064+00:00,50,,421 Jesus Causeway
d94e2584-aad3-435b-b0ee-6aba20c2ba08,d6a2e50f-816a-4cc3-bca7-6327e823613e,2025-10-07T00:59:31.133516+00:00,2025-10-07T01:59:31.133516+00:00,20,,3767 Brown Creek
a97ef676-5e68-4121-b377-99ccebaf8994,d6a2e50f-816a-4cc3-bca7-6327e823613e,2025-10-13T20:59:31.133516+00:00,2025-10-13T21:59:31.133516+00:00,50,http://cook-tanner.com/,5918 Price Crossroad
016897c4-0ff5-4cca-9c54-c37a694aef39,d6a2e50f-816a-4cc3-bca7-6327e823613e,2025-10-21T00:59:31.133516+00:00,2025-10-21T02:29:31.133516+00:00,20,,789 Andrea Well
a33dd185-21ed-4e84-acc7-c3ef16fa9cbc,4ff41b87-f338-4721-af2f-fea44c47d61d,2025-10-10T20:59:31.133906+00:00,2025-10-10T22:59:31.133906+00:00,10,,02882 Ortega Rapids
bb618c5e-c8e7-4d7c-9da9-d8f446867041,817e3695-81dd-445d-9cf8-8a21ea162b82,2025-10-01T16:59:31.134203+00:00,2025-10-01T18:59:31.134203+00:00,10,,3483 Wise Vista Apt. 615
b04654cb-7776-4a9a-9458-ed31382f2fd6,817e3695-81dd-445d-9cf8-8a21ea162b82,2025-10-08T20:59:31.134203+00:00,2025-10-08T22:29:31.134203+00:00,10,,82858 Ashley Crescent Suite 014
bfb48818-0bab-44ba-9420-9f6168db5573,089b4129-8d03-4f33-a698-ec2398165426,2025-10-04T16:59:31.134562+00:00,2025-10-04T18:59:31.134562+00:00,20,,95808 Garcia Motorway
2673ed8d-99c1-4615-97ff-b3ca0c83c8d3,089b4129-8d03-4f33-a698-ec2398165426,2025-10-11T20:59:31.134562+00:00,2025-10-11T22:59:31.134562+00:00,100,http://armstrong.org/,576 Patty Isle
0811e583-8c04-482c-b15c-e64cee3902ef,fa50c15f-2daa-4982-98d8-af39b9b604ab,2025-09-21T16:59:31.134935+00:00,2025-09-21T18:29:31.134935+00:00,100,,348 Janet Isle
53cffc86-f6e5-4b78-8d36-5acb301f5c76,152ccd86-9786-430d-afa6-fd3aaa4c81ad,2025-09-29T00:59:31.135175+00:00,2025-09-29T01:59:31.135175+00:00,100,,55529 Young Green
4c2ac370-d9de-4f57-b96b-d5cff125be90,c62030dd-c08e-4469-bd8a-ba10ce9fd8d2,2025-10-11T20:59:31.135391+00:00,2025-10-11T22:29:31.135391+00:00,50,http://www.sanchez.com/,0203 Lozano Island
28c8e165-a1d0-4d7d-a21a-3a74c3896fee,c62030dd-c08e-4469-bd8a-ba10ce9fd8d2,2025-10-18T16:59:31.135391+00:00,2025-10-18T18:29:31.135391+00:00,20,http://andrade-rios.org/,66006 Holland Divide Suite 652
849f0d4c-4c8c-426f-a1b2-4a9310c21675,c62030dd-c08e-4469-bd8a-ba10ce9fd8d2,2025-10-25T20:59:31.135391+00:00,2025-10-25T22:59:31.135391+00:00,50,https://www.luna.com/,35007 Gordon Stream
e06896b0-5691-4825-a9b1-292a28683984,13f73e20-c738-4621-bba5-7b8443abb2f5,2025-09-27T00:59:31.136037+00:00,2025-09-27T01:59:31.136037+00:00,10,,33434 Lisa Pass Apt. 489
f1a9c694-46da-4914-9978-ea6917bad6e8,defe2535-786e-4c16-aa06-1d2e7201062b,2025-09-28T00:59:31.136319+00:00,2025-09-28T01:59:31.136319+00:00,50,,21298 Ortiz Spurs
d81e855c-8956-4fab-9232-7202d4ef1a56,defe2535-786e-4c16-aa06-1d2e7201062b,2025-10-04T16:59:31.136319+00:00,2025-10-04T18:29:31.136319+00:00,10,https://www.wells.biz/,0991 Christopher Street
91ff3451-4fbf-4a3e-b8a6-a79513381f36,8853f521-f876-450a-9d02-427de5cfa1b6,2025-09-22T00:59:31.136686+00:00,2025-09-22T01:59:31.136686+00:00,10,,37913 Johnson Plaza Apt. 244
37b147c1-da47-4d40-b67d-b788c980c781,7e50991c-c05b-4a2f-853e-87add891aa6f,2025-10-04T00:59:31.136962+00:00,2025-10-04T01:59:31.136962+00:00,50,http://www.fitzpatrick-gonzalez.com/,473 Antonio Cliff Suite 717
a2115796-1b5e-4802-82c8-428e09803a47,1cce91dc-446b-4bbd-91c9-0c8ba20c3784,2025-10-08T16:59:31.137359+00:00,2025-10-08T17:59:31.137359+00:00,20,,7350 Jeffrey Cove Suite 180
394323aa-e5fa-4bdd-a61e-401028ff12a6,1cce91dc-446b-4bbd-91c9-0c8ba20c3784,2025-10-16T00:59:31.137359+00:00,2025-10-16T01:59:31.137359+00:00,50,https://arnold.com/,566 Kayla Plains
1cbc47b2-543d-451a-a514-218d006716f4,1cce91dc-446b-4bbd-91c9-0c8ba20c3784,2025-10-22T20:59:31.137359+00:00,2025-10-22T22:29:31.137359+00:00,50,http://howard-jackson.com/,13535 Hunt Hill Suite 766
c6d40737-db28-4405-ae06-d746e0110304,0b5ae353-92ec-4425-be8d-898e79d58d3a,2025-10-05T20:59:31.137876+00:00,2025-10-05T22:59:31.137876+00:00,20,https://www.turner-murphy.biz/,6157 Rhonda Freeway
dc66b35b-cded-4624-8692-f822bfc2df5c,f72a8e36-6076-41f0-8a06-26430ad890cf,2025-10-05T00:59:31.138224+00:00,2025-10-05T01:59:31.138224+00:00,20,,2630 Solis Avenue
b2544860-62e6-4cbb-b4db-778f176d2b3b,f72a8e36-6076-41f0-8a06-26430ad890cf,2025-10-11T20:59:31.138224+00:00,2025-10-11T21:59:31.138224+00:00,100,,62533 Williams Rue
16cc7462-cd1f-4bb4-986e-482ceb97ccc3,f72a8e36-6076-41f0-8a06-26430ad890cf,2025-10-18T16:59:31.138224+00:00,2025-10-18T18:29:31.138224+00:00,50,https://glenn-young.com/,067 Murphy Alley Suite 933
b490f7a0-a59d-4f55-b6c6-dfa9082f3912,9ba8b2dc-08e9-4c94-a38c-e25601b4115f,2025-09-26T20:59:31.138696+00:00,2025-09-26T22:29:31.138696+00:00,100,https://hill-johnson.com/,2754 Miranda Road
588780e2-2cac-472e-b170-7cbf999a18a0,9ba8b2dc-08e9-4c94-a38c-e25601b4115f,2025-10-03T16:59:31.138696+00:00,2025-10-03T18:59:31.138696+00:00,100,,689 Charles Walks
83dbdefa-a314-4f59-b5be-38d74747f1f4,5763badf-a410-479b-967c-c13317e66ad7,2025-09-16T00:59:31.139082+00:00,2025-09-16T01:59:31.139082+00:00,20,,29749 Crystal Lock Apt. 756
db85c1d4-80ea-421d-86da-01ab7687c2b4,b963c8c2-a3fb-43e9-b386-ee0cc206f487,2025-10-08T16:59:31.139391+00:00,2025-10-08T17:59:31.139391+00:00,10,http://www.willis.com/,6600 Smith Course Suite 620
4d9fa41d-442a-47f5-a8dd-da8e6bf32822,8d35daab-7bb2-4d0b-a0b5-c9a4bf8ff680,2025-09-17T16:59:31.139674+00:00,2025-09-17T18:29:31.139674+00:00,20,,753 William Estates
162c50c8-d595-4d0b-bce8-7e2509e6fbc3,a96562be-d188-45c8-b25e-ffb7c99ad507,2025-09-21T20:59:31.139858+00:00,2025-09-21T22:29:31.139858+00:00,10,,32109 Krueger Ville
dc690f34-7037-44da-afd4-e24ae6cf96c0,a96562be-d188-45c8-b25e-ffb7c99ad507,2025-09-28T16:59:31.139858+00:00,2025-09-28T18:29:31.139858+00:00,20,,087 Bryan Underpass Suite 508
d7a5a7d1-2c9a-4752-98bf-9cd64bb81b1a,67b67d0f-5f1d-4642-bd98-443454f507d9,2025-09-20T20:59:31.140203+00:00,2025-09-20T22:29:31.140203+00:00,50,,82394 Tony Forks
05253894-29b0-4e9f-bafb-d2662cff111b,36d4c21c-a7ad-43a9-b9f1-e7ffaf2a4994,2025-10-08T20:59:31.140426+00:00,2025-10-08T22:59:31.140426+00:00,50,http://nichols.com/,0460 Lindsay Motorway
534eb325-3401-4e63-9b42-0ff7fe08c0c7,36d4c21c-a7ad-43a9-b9f1-e7ffaf2a4994,2025-10-16T00:59:31.140426+00:00,2025-10-16T02:29:31.140426+00:00,20,,27723 Richard Camp
a1b37a15-ab2a-4ac3-a0cf-03db6f10d371,a9bfdf09-4f6b-46b6-81c3-026072c2bdd5,2025-09-27T20:59:31.140794+00:00,2025-09-27T22:29:31.140794+00:00,100,,810 Adkins Mission Apt. 322
155f05de-09b7-495d-8636-92afe9076e12,a9bfdf09-4f6b-46b6-81c3-026072c2bdd5,2025-10-04T16:59:31.140794+00:00,2025-10-04T18:59:31.140794+00:00,20,http://brown-diaz.com/,4617 Baker Prairie Suite 540
c023cc88-b98a-451f-bb8d-5a335b38771c,a9bfdf09-4f6b-46b6-81c3-026072c2bdd5,2025-10-11T16:59:31.140794+00:00,2025-10-11T17:59:31.140794+00:00,20,,47805 Alexander Tunnel
b00292c9-058c-40a4-991f-e7e11df9e272,7e79cd4c-ba77-416d-b21c-451eec903b45,2025-10-11T16:59:31.141206+00:00,2025-10-11T18:29:31.141206+00:00,50,,6942 Quinn Falls
21215a13-a93d-48d5-953a-eba88122d48c,7e79cd4c-ba77-416d-b21c-451eec903b45,2025-10-19T00:59:31.141206+00:00,2025-10-19T01:59:31.141206+00:00,20,http://www.brennan.com/,492 Shane Vista Apt. 366
7539a7dc-4305-4457-8596-2a0881e2229e,7e79cd4c-ba77-416d-b21c-451eec903b45,2025-10-25T20:59:31.141206+00:00,2025-10-25T22:29:31.141206+00:00,50,,895 Johnathan Courts
adf08d6d-2153-4a18-a7b0-a829652ec1ab,99fb4410-2ecf-4451-91d6-f6d58fabc6d3,2025-09-27T20:59:31.141610+00:00,2025-09-27T21:59:31.141610+00:00,50,,63833 Arnold View Apt. 089
e33b09e8-0ce3-4905-a3e8-4d4a3700c472,99fb4410-2ecf-4451-91d6-f6d58fabc6d3,2025-10-04T20:59:31.141610+00:00,2025-10-04T22:59:31.141610+00:00,50,https://hoover.com/,6293 Jenkins Throughway
7dca5696-f8e3-446c-9ba4-f9191e5422b2,99fb4410-2ecf-4451-91d6-f6d58fabc6d3,2025-10-11T20:59:31.141610+00:00,2025-10-11T21:59:31.141610+00:00,50,,4776 Schneider Extension
8a9d20b6-2866-49cc-b692-52e25b69cc32,43380490-4c70-41e1-ac68-abab244727e3,2025-09-26T16:59:31.142043+00:00,2025-09-26T18:29:31.142043+00:00,50,,104 Munoz Station Suite 398
f36588ef-e962-43fc-a2e2-d428b3c90ee1,43380490-4c70-41e1-ac68-abab244727e3,2025-10-04T00:59:31.142043+00:00,2025-10-04T02:59:31.142043+00:00,10,,28913 Michelle Union Suite 215
f6094d96-3438-4c04-bd80-99e4c87298ba,43380490-4c70-41e1-ac68-abab244727e3,2025-10-10T20:59:31.142043+00:00,2025-10-10T22:29:31.142043+00:00,20,,080 Stevens Court Apt. 308
b0f844bd-c726-4218-adff-f93f8390d923,c2c07351-b8f8-4fb7-a32f-a14b8536ff48,2025-10-08T00:59:31.142352+00:00,2025-10-08T02:29:31.142352+00:00,100,,888 Richard Circles Apt. 523
685c3391-681b-4b3b-a935-7725b73dfb17,c2c07351-b8f8-4fb7-a32f-a14b8536ff48,2025-10-14T16:59:31.142352+00:00,2025-10-14T18:59:31.142352+00:00,10,,6067 Anthony Junction Apt. 352
5994f54a-49d1-4f96-b1c8-5d96f5019156,c2c07351-b8f8-4fb7-a32f-a14b8536ff48,2025-10-22T00:59:31.142352+00:00,2025-10-22T02:59:31.142352+00:00,10,,676 Evans Ranch
d113f5c2-613f-4adf-a782-a37402a74295,9fa42df3-e927-4361-97fe-231cb46b0ed1,2025-09-28T00:59:31.142712+00:00,2025-09-28T01:59:31.142712+00:00,100,,553 Megan Inlet Suite 061
a8841d9f-1060-415e-8bce-36a86e9cbe18,0da8b034-6a5b-4768-8056-5f41f5baa4c2,2025-09-23T20:59:31.142962+00:00,2025-09-23T22:59:31.142962+00:00,100,,867 Olivia Spur Suite 211
a5871596-6772-4993-afbf-abc52b41127e,0da8b034-6a5b-4768-8056-5f41f5baa4c2,2025-09-30T16:59:31.142962+00:00,2025-09-30T18:59:31.142962+00:00,20,,4779 Christopher Skyway Apt. 656
95809d70-ffd1-42f3-8007-ef683455ff30,0da8b034-6a5b-4768-8056-5f41f5baa4c2,2025-10-07T16:59:31.142962+00:00,2025-10-07T17:59:31.142962+00:00,100,,07074 Hensley Shoal Apt. 888
12021ef6-c7a8-4dae-89a9-f2e11c4e9fe3,a7ee277c-45bb-4262-ad97-3e9f6d7b8561,2025-10-03T16:59:31.143298+00:00,2025-10-03T18:59:31.143298+00:00,50,,406 Foster Ranch
deeb8a8a-16f1-4eb0-b2ca-607508f3bd85,a7ee277c-45bb-4262-ad97-3e9f6d7b8561,2025-10-10T16:59:31.143298+00:00,2025-10-10T18:59:31.143298+00:00,50,https://bailey-norton.net/,47603 Johnson Avenue
590b7bb0-6f50-40d8-a446-4d890440cf58,79517d7f-d273-45a7-9755-bd04696c6c3d,2025-09-27T00:59:31.143667+00:00,2025-09-27T02:29:31.143667+00:00,10,,3212 Ashley Fort Suite 683
55006eab-6786-4ea5-a118-b23b361427b3,14f6c861-dcc3-43bb-a7e7-bb88c3609433,2025-09-16T20:59:31.143912+00:00,2025-09-16T22:29:31.143912+00:00,100,,9458 Payne Mountain
d9fa6974-fb64-481d-898b-0a1d275287f8,14f6c861-dcc3-43bb-a7e7-bb88c3609433,2025-09-24T00:59:31.143912+00:00,2025-09-24T01:59:31.143912+00:00,10,,6476 Richard Lights Suite 665
325440c3-9f53-4e40-9dae-30854a279d8d,14f6c861-dcc3-43bb-a7e7-bb88c3609433,2025-09-30T16:59:31.143912+00:00,2025-09-30T18:29:31.143912+00:00,100,https://www.goodman-cox.net/,275 Andrew Roads Suite 933
29226f36-f14e-4c44-9310-7a6499973c2b,e6a5d43d-7348-4158-b243-5231bfd06af0,2025-10-12T00:59:31.144329+00:00,2025-10-12T02:59:31.144329+00:00,50,https://www.brewer.com/,966 Veronica Plaza
ed91791e-06c8-4c04-8486-c016623ccf42,cde526a9-094f-47cc-9b87-eb84d5f3e0e1,2025-09-30T20:59:31.144597+00:00,2025-09-30T22:29:31.144597+00:00,50,,208 Poole Port
f84ce4ef-b0de-4463-9fd3-e1ef41fe4c66,cde526a9-094f-47cc-9b87-eb84d5f3e0e1,2025-10-07T20:59:31.144597+00:00,2025-10-07T22:59:31.144597+00:00,50,http://ramirez-nelson.com/,281 Cook Isle Suite 954
ea05d1c9-566e-42ce-b504-f1314d729078,cde526a9-094f-47cc-9b87-eb84d5f3e0e1,2025-10-15T00:59:31.144597+00:00,2025-10-15T02:29:31.144597+00:00,20,https://www.martinez.com/,739 Ochoa Ridges Apt. 306
ee60ea15-c95b-4df3-ae8b-10153e6213a9,22438d5a-027f-47f3-baa4-97f67251f486,2025-09-15T16:59:31.145147+00:00,2025-09-15T18:29:31.145147+00:00,20,https://miller-patel.com/,4927 Turner Avenue
d96d882a-17a0-4db4-b690-6e6fcfc0a7f0,22438d5a-027f-47f3-baa4-97f67251f486,2025-09-22T20:59:31.145147+00:00,2025-09-22T21:59:31.145147+00:00,50,,57561 Mayer Row Apt. 589
1e173615-f5df-4530-bb68-d5e3696784a5,c0ff283f-44fa-4c39-852c-ed73e1f96173,2025-09-21T16:59:31.145588+00:00,2025-09-21T18:59:31.145588+00:00,10,,8830 Robert Rapids Suite 139
af38cde3-1a26-4ae1-ab8a-d74ab97f1fe3,c0ff283f-44fa-4c39-852c-ed73e1f96173,2025-09-28T20:59:31.145588+00:00,2025-09-28T21:59:31.145588+00:00,100,,2895 Donald Motorway
d2fee08e-5d61-446b-a9af-2be2c5d5d1a7,b44a0e36-7a85-4d95-a8c3-1599f2e3f668,2025-10-12T00:59:31.146023+00:00,2025-10-12T02:29:31.146023+00:00,50,https://www.mccoy-church.com/,79626 Elizabeth Plaza
f4492463-9fd8-4335-9793-34240d4ee8c7,cc86fe21-2818-46a3-9451-62a56113d0ec,2025-09-27T00:59:31.146327+00:00,2025-09-27T02:59:31.146327+00:00,100,https://www.long-stewart.com/,3517 Matthew Ways
ccd4c7cf-61a8-49da-ab81-f0d8eb56e194,cc86fe21-2818-46a3-9451-62a56113d0ec,2025-10-04T00:59:31.146327+00:00,2025-10-04T01:59:31.146327+00:00,50,,678 Leon Parkways
3f8a9500-940c-4aeb-be27-a61396c2dc4a,cc86fe21-2818-46a3-9451-62a56113d0ec,2025-10-10T16:59:31.146327+00:00,2025-10-10T18:29:31.146327+00:00,50,http://www.davis.info/,37704 Robert Plaza
c5f6bd7d-5782-4282-96c5-1affd2daa608,af019d14-36b6-463e-8d0f-e30201bb1a95,2025-09-19T20:59:31.146981+00:00,2025-09-19T21:59:31.146981+00:00,100,http://www.berry-walker.info/,779 Savannah Cliffs Apt. 997
2e942687-f3eb-4949-b0a9-153edeb1c617,af019d14-36b6-463e-8d0f-e30201bb1a95,2025-09-27T00:59:31.146981+00:00,2025-09-27T02:29:31.146981+00:00,20,http://maldonado.com/,67650 Troy Lane Apt. 689
ec517264-614f-43b7-a6e5-a38c11994563,af019d14-36b6-463e-8d0f-e30201bb1a95,2025-10-03T20:59:31.146981+00:00,2025-10-03T22:29:31.146981+00:00,10,,1855 William Street Suite 549
17f35e49-de5e-474d-a325-a260a779e1ec,0df12ea2-ef1d-43a1-9f5c-ae485165568c,2025-09-29T00:59:31.147448+00:00,2025-09-29T02:59:31.147448+00:00,100,,4505 Joseph Mill
f2a5603f-48c7-4457-a6f8-b0b4423b39d1,0df12ea2-ef1d-43a1-9f5c-ae485165568c,2025-10-06T00:59:31.147448+00:00,2025-10-06T01:59:31.147448+00:00,20,,4220 Valdez Manor
2102db23-ade6-4df2-896d-a6e474d25f5a,0df12ea2-ef1d-43a1-9f5c-ae485165568c,2025-10-13T00:59:31.147448+00:00,2025-10-13T02:29:31.147448+00:00,100,,57273 Rodriguez Trafficway
6058c7bb-fbf4-445b-be90-9078264e0d23,b18dc7e7-5673-4e57-96e2-92b006af246d,2025-09-16T00:59:31.147834+00:00,2025-09-16T02:59:31.147834+00:00,50,http://www.frederick.com/,919 Dunlap Groves Suite 796
2dc56e4c-ea1b-4fcb-a55d-fe8d63ac08ed,7e5224e2-9dcf-4664-b54f-a39643628f88,2025-10-04T00:59:31.148188+00:00,2025-10-04T02:29:31.148188+00:00,20,https://www.decker-zhang.info/,97168 Reed Tunnel
1833965a-77cb-4d12-8c97-4356b744cbf7,7e5224e2-9dcf-4664-b54f-a39643628f88,2025-10-11T00:59:31.148188+00:00,2025-10-11T02:59:31.148188+00:00,20,,3009 Beck Loop
